rank,score,worker_id
1,1.0,sample001869
2,0.9995,sample001624
3,0.999,sample000342
4,0.9985,sample000231
5,0.998,sample000541
6,0.9975,sample000851
7,0.997,sample000640
8,0.9965,sample001207
9,0.996,sample000642
10,0.9955,sample001983
11,0.995,sample001149
12,0.9945,sample001497
13,0.994,sample000366
14,0.9935,sample000586
15,0.993,sample000988
16,0.9925,sample000431
17,0.992,sample001808
18,0.9915,sample000187
19,0.991,sample000246
20,0.9905,sample000450
21,0.99,sample000477
22,0.9895,sample001951
23,0.989,sample000805
24,0.9885,sample001440
25,0.988,sample000678
26,0.9875,sample000516
27,0.987,sample000369
28,0.9865,sample000716
29,0.986,sample000948
30,0.9855,sample001074
31,0.985,sample001391
32,0.9845,sample001631
33,0.984,sample001447
34,0.9835,sample001854
35,0.983,sample001113
36,0.9825,sample001953
37,0.982,sample000145
38,0.9815,sample001047
39,0.981,sample001048
40,0.9805,sample001535
41,0.98,sample001793
42,0.9795,sample000261
43,0.979,sample001637
44,0.9785,sample001392
45,0.978,sample001448
46,0.9775,sample000275
47,0.977,sample000952
48,0.9765,sample000039
49,0.976,sample001686
50,0.9755,sample001471
51,0.975,sample000143
52,0.9745,sample000995
53,0.974,sample001476
54,0.9735,sample001480
55,0.973,sample001930
56,0.9725,sample000832
57,0.972,sample001870
58,0.9715,sample001623
59,0.971,sample001861
60,0.9705,sample001998
61,0.97,sample001963
62,0.9695,sample001831
63,0.969,sample001377
64,0.9685,sample001705
65,0.968,sample000479
66,0.9675,sample000278
67,0.967,sample001437
68,0.9665,sample000932
69,0.966,sample000125
70,0.9655,sample000188
71,0.965,sample001335
72,0.9645,sample000390
73,0.964,sample001263
74,0.9635,sample000303
75,0.963,sample001822
76,0.9625,sample000079
77,0.962,sample000598
78,0.9615,sample001416
79,0.961,sample001548
80,0.9605,sample000854
81,0.96,sample000417
82,0.9595,sample000317
83,0.959,sample000003
84,0.9585,sample000786
85,0.958,sample001116
86,0.9575,sample000749
87,0.957,sample001081
88,0.9565,sample001680
89,0.956,sample001798
90,0.9555,sample000071
91,0.955,sample001354
92,0.9545,sample000561
93,0.954,sample001794
94,0.9535,sample001457
95,0.953,sample000240
96,0.9525,sample001287
97,0.952,sample001309
98,0.9515,sample000606
99,0.951,sample001807
100,0.9505,sample001683
101,0.95,sample001205
102,0.9495,sample000548
103,0.949,sample001327
104,0.9485,sample000962
105,0.948,sample001908
106,0.9475,sample001184
107,0.947,sample000764
108,0.9465,sample001162
109,0.946,sample001209
110,0.9455,sample001625
111,0.945,sample000343
112,0.9445,sample001482
113,0.944,sample000270
114,0.9435,sample000816
115,0.943,sample000341
116,0.9425,sample001481
117,0.942,sample000407
118,0.9415,sample000173
119,0.941,sample001674
120,0.9405,sample001681
121,0.94,sample000498
122,0.9395,sample000607
123,0.939,sample000526
124,0.9385,sample001949
125,0.938,sample000385
126,0.9375,sample001246
127,0.937,sample000206
128,0.9365,sample000048
129,0.936,sample000401
130,0.9355,sample001431
131,0.935,sample001254
132,0.9345,sample001407
133,0.934,sample001703
134,0.9335,sample001176
135,0.933,sample000859
136,0.9325,sample000994
137,0.932,sample000750
138,0.9315,sample000799
139,0.931,sample001257
140,0.9305,sample001469
141,0.93,sample000795
142,0.9295,sample000648
143,0.929,sample000395
144,0.9285,sample001242
145,0.928,sample000201
146,0.9275,sample000555
147,0.927,sample001974
148,0.9265,sample000178
149,0.926,sample001467
150,0.9255,sample001779
151,0.925,sample001027
152,0.9245,sample000620
153,0.924,sample000354
154,0.9235,sample001723
155,0.923,sample001675
156,0.9225,sample001035
157,0.922,sample000615
158,0.9215,sample000011
159,0.921,sample000919
160,0.9205,sample001704
161,0.92,sample000674
162,0.9195,sample001396
163,0.919,sample001507
164,0.9185,sample000319
165,0.918,sample001020
166,0.9175,sample001353
167,0.917,sample001931
168,0.9165,sample000137
169,0.916,sample001928
170,0.9155,sample001045
171,0.915,sample001727
172,0.9145,sample001712
173,0.914,sample000634
174,0.9135,sample000873
175,0.913,sample000167
176,0.9125,sample000918
177,0.912,sample001733
178,0.9115,sample000162
179,0.911,sample000202
180,0.9105,sample000513
181,0.91,sample000649
182,0.9095,sample000798
183,0.909,sample000236
184,0.9085,sample000438
185,0.908,sample001409
186,0.9075,sample000633
187,0.907,sample001707
188,0.9065,sample001103
189,0.906,sample000817
190,0.9055,sample000955
191,0.905,sample001528
192,0.9045,sample001635
193,0.904,sample001889
194,0.9035,sample001071
195,0.903,sample001082
196,0.9025,sample000733
197,0.902,sample001855
198,0.9015,sample001850
199,0.901,sample000448
200,0.9005,sample001043
201,0.9,sample001230
202,0.8995,sample000838
203,0.899,sample000384
204,0.8985,sample001236
205,0.898,sample001574
206,0.8975,sample000091
207,0.897,sample001672
208,0.8965,sample001590
209,0.896,sample000936
210,0.8955,sample000352
211,0.895,sample000430
212,0.8945,sample001393
213,0.894,sample001295
214,0.8935,sample000512
215,0.893,sample001261
216,0.8925,sample001060
217,0.892,sample001146
218,0.8915,sample000891
219,0.891,sample000447
220,0.8905,sample000892
221,0.89,sample001223
222,0.8895,sample001722
223,0.889,sample001877
224,0.8885,sample001737
225,0.888,sample000494
226,0.8875,sample001168
227,0.887,sample001420
228,0.8865,sample001243
229,0.886,sample001489
230,0.8855,sample000768
231,0.885,sample001785
232,0.8845,sample000109
233,0.884,sample001153
234,0.8835,sample000110
235,0.883,sample001811
236,0.8825,sample001909
237,0.882,sample001587
238,0.8815,sample001891
239,0.881,sample001788
240,0.8805,sample001453
241,0.88,sample000990
242,0.8795,sample001898
243,0.879,sample000214
244,0.8785,sample001182
245,0.878,sample001258
246,0.8775,sample000546
247,0.877,sample000386
248,0.8765,sample000696
249,0.876,sample001501
250,0.8755,sample001208
251,0.875,sample000138
252,0.8745,sample000600
253,0.874,sample001068
254,0.8735,sample001094
255,0.873,sample000281
256,0.8725,sample001552
257,0.872,sample000264
258,0.8715,sample001275
259,0.871,sample001139
260,0.8705,sample000146
261,0.87,sample001876
262,0.8695,sample000676
263,0.869,sample001333
264,0.8685,sample000681
265,0.868,sample001551
266,0.8675,sample000616
267,0.867,sample000410
268,0.8665,sample000116
269,0.866,sample001349
270,0.8655,sample000967
271,0.865,sample001426
272,0.8645,sample000067
273,0.864,sample001195
274,0.8635,sample000896
275,0.863,sample001791
276,0.8625,sample000650
277,0.862,sample001593
278,0.8615,sample000147
279,0.861,sample001607
280,0.8605,sample000935
281,0.86,sample001474
282,0.8595,sample001750
283,0.859,sample000416
284,0.8585,sample001780
285,0.858,sample000094
286,0.8575,sample001221
287,0.857,sample000657
288,0.8565,sample000929
289,0.856,sample000223
290,0.8555,sample000076
291,0.855,sample001052
292,0.8545,sample001756
293,0.854,sample001581
294,0.8535,sample000828
295,0.853,sample001430
296,0.8525,sample000164
297,0.852,sample001470
298,0.8515,sample001661
299,0.851,sample001408
300,0.8505,sample001990
301,0.85,sample001294
302,0.8495,sample000376
303,0.849,sample001764
304,0.8485,sample001883
305,0.848,sample000176
306,0.8475,sample001601
307,0.847,sample001904
308,0.8465,sample001879
309,0.846,sample001458
310,0.8455,sample000005
311,0.845,sample000105
312,0.8445,sample001740
313,0.844,sample001977
314,0.8435,sample001372
315,0.843,sample000740
316,0.8425,sample000473
317,0.842,sample001122
318,0.8415,sample001815
319,0.841,sample000975
320,0.8405,sample001038
321,0.84,sample000485
322,0.8395,sample001656
323,0.839,sample001932
324,0.8385,sample000451
325,0.838,sample001212
326,0.8375,sample001166
327,0.837,sample000388
328,0.8365,sample001709
329,0.836,sample001380
330,0.8355,sample001131
331,0.835,sample001787
332,0.8345,sample001003
333,0.834,sample000739
334,0.8335,sample000267
335,0.833,sample000218
336,0.8325,sample000887
337,0.832,sample000628
338,0.8315,sample000772
339,0.831,sample000072
340,0.8305,sample000332
341,0.83,sample000577
342,0.8295,sample000248
343,0.829,sample000111
344,0.8285,sample001669
345,0.828,sample001046
346,0.8275,sample001429
347,0.827,sample001218
348,0.8265,sample000117
349,0.826,sample001220
350,0.8255,sample001179
351,0.825,sample000654
352,0.8245,sample001629
353,0.824,sample000989
354,0.8235,sample000830
355,0.823,sample001031
356,0.8225,sample001140
357,0.822,sample001560
358,0.8215,sample000090
359,0.821,sample001076
360,0.8205,sample000800
361,0.82,sample001532
362,0.8195,sample000399
363,0.819,sample001557
364,0.8185,sample000856
365,0.818,sample001119
366,0.8175,sample001806
367,0.817,sample000259
368,0.8165,sample001984
369,0.816,sample001660
370,0.8155,sample001032
371,0.815,sample000082
372,0.8145,sample000771
373,0.814,sample001647
374,0.8135,sample001359
375,0.813,sample001541
376,0.8125,sample001277
377,0.812,sample000556
378,0.8115,sample000497
379,0.811,sample001997
380,0.8105,sample001638
381,0.81,sample001553
382,0.8095,sample000643
383,0.809,sample000511
384,0.8085,sample000533
385,0.808,sample000662
386,0.8075,sample001015
387,0.807,sample000879
388,0.8065,sample000054
389,0.806,sample000981
390,0.8055,sample001115
391,0.805,sample000801
392,0.8045,sample001820
393,0.804,sample001317
394,0.8035,sample001145
395,0.803,sample000612
396,0.8025,sample000093
397,0.802,sample001784
398,0.8015,sample000617
399,0.801,sample000635
400,0.8005,sample001112
401,0.8,sample000611
402,0.7995,sample000198
403,0.799,sample000834
404,0.7985,sample001436
405,0.798,sample000023
406,0.7975,sample000928
407,0.797,sample000421
408,0.7965,sample000519
409,0.796,sample000767
410,0.7955,sample001102
411,0.795,sample001479
412,0.7945,sample001778
413,0.794,sample000759
414,0.7935,sample001767
415,0.793,sample000523
416,0.7925,sample001573
417,0.792,sample000044
418,0.7915,sample001456
419,0.791,sample001582
420,0.7905,sample000699
421,0.79,sample000153
422,0.7895,sample001920
423,0.789,sample000322
424,0.7885,sample000927
425,0.788,sample000701
426,0.7875,sample000338
427,0.787,sample000327
428,0.7865,sample000956
429,0.786,sample000797
430,0.7855,sample000886
431,0.785,sample001561
432,0.7845,sample001306
433,0.784,sample000233
434,0.7835,sample001150
435,0.783,sample000659
436,0.7825,sample001465
437,0.782,sample001084
438,0.7815,sample000307
439,0.781,sample001340
440,0.7805,sample000333
441,0.78,sample000717
442,0.7795,sample000230
443,0.779,sample001255
444,0.7785,sample001250
445,0.778,sample000047
446,0.7775,sample000318
447,0.777,sample000205
448,0.7765,sample000295
449,0.776,sample000937
450,0.7755,sample000882
451,0.775,sample000487
452,0.7745,sample000180
453,0.774,sample001506
454,0.7735,sample000655
455,0.773,sample000328
456,0.7725,sample001065
457,0.772,sample001857
458,0.7715,sample001370
459,0.771,sample001698
460,0.7705,sample000282
461,0.77,sample001292
462,0.7695,sample000108
463,0.769,sample001946
464,0.7685,sample001994
465,0.768,sample000604
466,0.7675,sample000619
467,0.767,sample000621
468,0.7665,sample001128
469,0.766,sample001346
470,0.7655,sample000502
471,0.765,sample001595
472,0.7645,sample000041
473,0.764,sample001910
474,0.7635,sample000833
475,0.763,sample000052
476,0.7625,sample001311
477,0.762,sample000559
478,0.7615,sample000184
479,0.761,sample000133
480,0.7605,sample000590
481,0.76,sample000858
482,0.7595,sample001224
483,0.759,sample001301
484,0.7585,sample000725
485,0.758,sample001226
486,0.7575,sample000982
487,0.757,sample001956
488,0.7565,sample001033
489,0.756,sample000470
490,0.7555,sample000409
491,0.755,sample000596
492,0.7545,sample001376
493,0.754,sample001278
494,0.7535,sample001858
495,0.753,sample001989
496,0.7525,sample001402
497,0.752,sample000273
498,0.7515,sample001111
499,0.751,sample000220
500,0.7505,sample001239
501,0.75,sample000346
502,0.7495,sample001016
503,0.749,sample000139
504,0.7485,sample000898
505,0.748,sample001922
506,0.7475,sample000064
507,0.747,sample000027
508,0.7465,sample001665
509,0.746,sample001765
510,0.7455,sample001313
511,0.745,sample000941
512,0.7445,sample000120
513,0.744,sample001508
514,0.7435,sample001612
515,0.743,sample001768
516,0.7425,sample000552
517,0.742,sample000460
518,0.7415,sample001336
519,0.741,sample001836
520,0.7405,sample000776
521,0.74,sample001177
522,0.7395,sample001362
523,0.739,sample000528
524,0.7385,sample000976
525,0.738,sample001126
526,0.7375,sample001234
527,0.737,sample001666
528,0.7365,sample001611
529,0.736,sample000357
530,0.7355,sample000504
531,0.735,sample001127
532,0.7345,sample001605
533,0.734,sample001718
534,0.7335,sample001760
535,0.733,sample000685
536,0.7325,sample000419
537,0.732,sample000213
538,0.7315,sample000658
539,0.731,sample001373
540,0.7305,sample000083
541,0.73,sample001742
542,0.7295,sample000895
543,0.729,sample000006
544,0.7285,sample001885
545,0.728,sample001434
546,0.7275,sample001866
547,0.727,sample001398
548,0.7265,sample001711
549,0.726,sample001211
550,0.7255,sample001198
551,0.725,sample000098
552,0.7245,sample000320
553,0.724,sample001483
554,0.7235,sample001835
555,0.723,sample000991
556,0.7225,sample000493
557,0.722,sample000675
558,0.7215,sample000021
559,0.721,sample001562
560,0.7205,sample001007
561,0.72,sample000720
562,0.7195,sample000543
563,0.719,sample001819
564,0.7185,sample001610
565,0.718,sample001350
566,0.7175,sample000114
567,0.717,sample000724
568,0.7165,sample000253
569,0.716,sample001923
570,0.7155,sample000997
571,0.715,sample000078
572,0.7145,sample001096
573,0.714,sample001992
574,0.7135,sample001240
575,0.713,sample001415
576,0.7125,sample001194
577,0.712,sample000711
578,0.7115,sample000713
579,0.711,sample000405
580,0.7105,sample001125
581,0.71,sample000944
582,0.7095,sample001411
583,0.709,sample001966
584,0.7085,sample000644
585,0.708,sample001303
586,0.7075,sample001667
587,0.707,sample000055
588,0.7065,sample001227
589,0.706,sample001934
590,0.7055,sample000017
591,0.705,sample001270
592,0.7045,sample001773
593,0.704,sample001319
594,0.7035,sample001905
595,0.703,sample001958
596,0.7025,sample000057
597,0.702,sample000089
598,0.7015,sample001445
599,0.701,sample001185
600,0.7005,sample001351
601,0.7,sample000861
602,0.6995,sample001616
603,0.699,sample000472
604,0.6985,sample001505
605,0.698,sample000999
606,0.6975,sample000330
607,0.697,sample001233
608,0.6965,sample001967
609,0.696,sample000402
610,0.6955,sample000086
611,0.695,sample000867
612,0.6945,sample001626
613,0.694,sample001942
614,0.6935,sample001847
615,0.693,sample001940
616,0.6925,sample001995
617,0.692,sample001352
618,0.6915,sample000118
619,0.691,sample000495
620,0.6905,sample000566
621,0.69,sample000827
622,0.6895,sample001594
623,0.689,sample001948
624,0.6885,sample001965
625,0.688,sample000517
626,0.6875,sample001124
627,0.687,sample001789
628,0.6865,sample001314
629,0.686,sample000037
630,0.6855,sample000219
631,0.685,sample001422
632,0.6845,sample001385
633,0.684,sample001244
634,0.6835,sample001276
635,0.683,sample000729
636,0.6825,sample000453
637,0.682,sample001841
638,0.6815,sample001810
639,0.681,sample000751
640,0.6805,sample001650
641,0.68,sample000034
642,0.6795,sample001390
643,0.679,sample000283
644,0.6785,sample000518
645,0.678,sample001329
646,0.6775,sample000215
647,0.677,sample001028
648,0.6765,sample001451
649,0.676,sample001527
650,0.6755,sample000190
651,0.675,sample000641
652,0.6745,sample001282
653,0.674,sample001410
654,0.6735,sample000708
655,0.673,sample000850
656,0.6725,sample000702
657,0.672,sample000507
658,0.6715,sample001231
659,0.671,sample000377
660,0.6705,sample001318
661,0.67,sample001558
662,0.6695,sample000755
663,0.669,sample000131
664,0.6685,sample001147
665,0.668,sample001100
666,0.6675,sample000345
667,0.667,sample000625
668,0.6665,sample000677
669,0.666,sample000247
670,0.6655,sample000351
671,0.665,sample001603
672,0.6645,sample000581
673,0.664,sample001769
674,0.6635,sample001188
675,0.663,sample000058
676,0.6625,sample000496
677,0.662,sample001251
678,0.6615,sample001533
679,0.661,sample001538
680,0.6605,sample000840
681,0.66,sample000250
682,0.6595,sample000165
683,0.659,sample001203
684,0.6585,sample001337
685,0.658,sample001860
686,0.6575,sample000018
687,0.657,sample001155
688,0.6565,sample000134
689,0.656,sample001307
690,0.6555,sample001736
691,0.655,sample001108
692,0.6545,sample000831
693,0.654,sample000773
694,0.6535,sample000008
695,0.653,sample000610
696,0.6525,sample001197
697,0.652,sample001013
698,0.6515,sample001868
699,0.651,sample001706
700,0.6505,sample001696
701,0.65,sample001842
702,0.6495,sample000993
703,0.649,sample000420
704,0.6485,sample001531
705,0.648,sample001572
706,0.6475,sample000665
707,0.647,sample000534
708,0.6465,sample000204
709,0.646,sample001927
710,0.6455,sample001772
711,0.645,sample000492
712,0.6445,sample000237
713,0.644,sample000843
714,0.6435,sample000913
715,0.643,sample000742
716,0.6425,sample001217
717,0.642,sample001300
718,0.6415,sample001830
719,0.641,sample001724
720,0.6405,sample001826
721,0.64,sample001452
722,0.6395,sample001987
723,0.639,sample001714
724,0.6385,sample000646
725,0.638,sample000727
726,0.6375,sample001511
727,0.637,sample001237
728,0.6365,sample001873
729,0.636,sample000601
730,0.6355,sample001044
731,0.635,sample000364
732,0.6345,sample001649
733,0.634,sample001568
734,0.6335,sample000391
735,0.633,sample000779
736,0.6325,sample001941
737,0.632,sample000001
738,0.6315,sample000422
739,0.631,sample000373
740,0.6305,sample000112
741,0.63,sample000950
742,0.6295,sample000894
743,0.629,sample000530
744,0.6285,sample001888
745,0.628,sample000435
746,0.6275,sample000852
747,0.627,sample001732
748,0.6265,sample001846
749,0.626,sample000591
750,0.6255,sample000563
751,0.625,sample001283
752,0.6245,sample001099
753,0.624,sample000457
754,0.6235,sample001272
755,0.623,sample001268
756,0.6225,sample000762
757,0.622,sample001662
758,0.6215,sample000977
759,0.621,sample001158
760,0.6205,sample001404
761,0.62,sample001988
762,0.6195,sample001880
763,0.619,sample000121
764,0.6185,sample000301
765,0.618,sample000921
766,0.6175,sample000124
767,0.617,sample000709
768,0.6165,sample001080
769,0.616,sample000557
770,0.6155,sample000095
771,0.615,sample000022
772,0.6145,sample001062
773,0.614,sample000909
774,0.6135,sample001151
775,0.613,sample000445
776,0.6125,sample001514
777,0.612,sample000175
778,0.6115,sample000780
779,0.611,sample000736
780,0.6105,sample000252
781,0.61,sample000782
782,0.6095,sample001308
783,0.609,sample000500
784,0.6085,sample000715
785,0.608,sample001887
786,0.6075,sample000459
787,0.607,sample001738
788,0.6065,sample001213
789,0.606,sample001165
790,0.6055,sample001640
791,0.605,sample000538
792,0.6045,sample001936
793,0.604,sample001653
794,0.6035,sample001939
795,0.603,sample000537
796,0.6025,sample000691
797,0.602,sample000443
798,0.6015,sample001554
799,0.601,sample000789
800,0.6005,sample000761
801,0.6,sample001438
802,0.5995,sample000940
803,0.599,sample001725
804,0.5985,sample001466
805,0.598,sample001799
806,0.5975,sample001761
807,0.597,sample000050
808,0.5965,sample000481
809,0.596,sample000227
810,0.5955,sample000968
811,0.595,sample001917
812,0.5945,sample001325
813,0.594,sample000664
814,0.5935,sample000217
815,0.593,sample001970
816,0.5925,sample000923
817,0.592,sample000748
818,0.5915,sample001943
819,0.591,sample000971
820,0.5905,sample000293
821,0.59,sample001652
822,0.5895,sample000087
823,0.589,sample001058
824,0.5885,sample001598
825,0.588,sample001014
826,0.5875,sample001654
827,0.587,sample001432
828,0.5865,sample000069
829,0.586,sample001971
830,0.5855,sample001755
831,0.585,sample001547
832,0.5845,sample000311
833,0.584,sample001463
834,0.5835,sample001743
835,0.583,sample000285
836,0.5825,sample001136
837,0.582,sample000258
838,0.5815,sample001323
839,0.581,sample001386
840,0.5805,sample000452
841,0.58,sample000965
842,0.5795,sample001763
843,0.579,sample000964
844,0.5785,sample001252
845,0.578,sample001512
846,0.5775,sample001814
847,0.577,sample000284
848,0.5765,sample000437
849,0.576,sample001726
850,0.5755,sample001644
851,0.575,sample000811
852,0.5745,sample001570
853,0.574,sample000609
854,0.5735,sample001164
855,0.573,sample000572
856,0.5725,sample000229
857,0.572,sample000329
858,0.5715,sample001190
859,0.571,sample000446
860,0.5705,sample001285
861,0.57,sample000428
862,0.5695,sample000060
863,0.569,sample000174
864,0.5685,sample001369
865,0.568,sample001435
866,0.5675,sample000291
867,0.567,sample000550
868,0.5665,sample001290
869,0.566,sample001843
870,0.5655,sample000340
871,0.565,sample001274
872,0.5645,sample000627
873,0.564,sample000822
874,0.5635,sample001500
875,0.563,sample000152
876,0.5625,sample001260
877,0.562,sample001746
878,0.5615,sample001975
879,0.561,sample000208
880,0.5605,sample000692
881,0.56,sample001961
882,0.5595,sample000754
883,0.559,sample000274
884,0.5585,sample001849
885,0.558,sample001699
886,0.5575,sample000907
887,0.557,sample001008
888,0.5565,sample000381
889,0.556,sample000036
890,0.5555,sample001029
891,0.555,sample001628
892,0.5545,sample001900
893,0.554,sample001090
894,0.5535,sample000631
895,0.553,sample000630
896,0.5525,sample000088
897,0.552,sample001175
898,0.5515,sample001024
899,0.551,sample001777
900,0.5505,sample000440
901,0.55,sample001284
902,0.5495,sample000396
903,0.549,sample001384
904,0.5485,sample001634
905,0.548,sample001192
906,0.5475,sample000803
907,0.547,sample001697
908,0.5465,sample000194
909,0.546,sample000126
910,0.5455,sample000255
911,0.545,sample000359
912,0.5445,sample001818
913,0.544,sample001716
914,0.5435,sample000068
915,0.543,sample001545
916,0.5425,sample000877
917,0.542,sample001356
918,0.5415,sample000155
919,0.541,sample000415
920,0.5405,sample000846
921,0.54,sample000365
922,0.5395,sample000672
923,0.539,sample001083
924,0.5385,sample000996
925,0.538,sample001344
926,0.5375,sample000624
927,0.537,sample001338
928,0.5365,sample001694
929,0.536,sample001783
930,0.5355,sample001622
931,0.535,sample000951
932,0.5345,sample000638
933,0.534,sample001630
934,0.5335,sample000697
935,0.533,sample000251
936,0.5325,sample000063
937,0.532,sample000885
938,0.5315,sample001413
939,0.531,sample000156
940,0.5305,sample001896
941,0.53,sample000490
942,0.5295,sample000149
943,0.529,sample000826
944,0.5285,sample001193
945,0.528,sample001204
946,0.5275,sample001304
947,0.527,sample001715
948,0.5265,sample000177
949,0.526,sample001026
950,0.5255,sample000626
951,0.525,sample001915
952,0.5245,sample001957
953,0.524,sample001827
954,0.5235,sample001578
955,0.523,sample000793
956,0.5225,sample001334
957,0.522,sample001143
958,0.5215,sample000719
959,0.521,sample000704
960,0.5205,sample001169
961,0.52,sample001691
962,0.5195,sample000197
963,0.519,sample001693
964,0.5185,sample001030
965,0.518,sample001342
966,0.5175,sample000939
967,0.517,sample001516
968,0.5165,sample001266
969,0.516,sample001564
970,0.5155,sample001924
971,0.515,sample000158
972,0.5145,sample000666
973,0.514,sample001366
974,0.5135,sample000062
975,0.513,sample001566
976,0.5125,sample000505
977,0.512,sample000313
978,0.5115,sample001651
979,0.511,sample001518
980,0.5105,sample000888
981,0.51,sample000938
982,0.5095,sample001523
983,0.509,sample000268
984,0.5085,sample000484
985,0.508,sample000148
986,0.5075,sample000245
987,0.507,sample000814
988,0.5065,sample000335
989,0.506,sample001442
990,0.5055,sample001659
991,0.505,sample000746
992,0.5045,sample001834
993,0.504,sample001504
994,0.5035,sample000529
995,0.503,sample000002
996,0.5025,sample001302
997,0.502,sample000469
998,0.5015,sample000693
999,0.501,sample000667
1000,0.5005,sample000073
1001,0.5,sample000426
1002,0.4995,sample000954
1003,0.499,sample001478
1004,0.4985,sample001589
1005,0.498,sample000680
1006,0.4975,sample001066
1007,0.497,sample000304
1008,0.4965,sample001537
1009,0.496,sample001312
1010,0.4955,sample001947
1011,0.495,sample000744
1012,0.4945,sample001417
1013,0.494,sample000171
1014,0.4935,sample000292
1015,0.493,sample000169
1016,0.4925,sample001735
1017,0.492,sample000266
1018,0.4915,sample000030
1019,0.491,sample000660
1020,0.4905,sample001172
1021,0.49,sample000509
1022,0.4895,sample000986
1023,0.489,sample000325
1024,0.4885,sample000324
1025,0.488,sample001293
1026,0.4875,sample001871
1027,0.487,sample000486
1028,0.4865,sample000700
1029,0.486,sample001982
1030,0.4855,sample000966
1031,0.485,sample000587
1032,0.4845,sample001389
1033,0.484,sample001092
1034,0.4835,sample000785
1035,0.483,sample000668
1036,0.4825,sample001360
1037,0.482,sample001899
1038,0.4815,sample001418
1039,0.481,sample000141
1040,0.4805,sample000722
1041,0.48,sample001086
1042,0.4795,sample000718
1043,0.479,sample000723
1044,0.4785,sample001269
1045,0.478,sample000349
1046,0.4775,sample000844
1047,0.477,sample001446
1048,0.4765,sample001829
1049,0.476,sample001639
1050,0.4755,sample000547
1051,0.475,sample001821
1052,0.4745,sample000706
1053,0.474,sample001460
1054,0.4735,sample000974
1055,0.473,sample001543
1056,0.4725,sample000568
1057,0.472,sample000144
1058,0.4715,sample001670
1059,0.471,sample000455
1060,0.4705,sample001964
1061,0.47,sample001845
1062,0.4695,sample000949
1063,0.469,sample000243
1064,0.4685,sample000239
1065,0.468,sample000103
1066,0.4675,sample000972
1067,0.467,sample001011
1068,0.4665,sample000969
1069,0.466,sample001555
1070,0.4655,sample001449
1071,0.465,sample001057
1072,0.4645,sample000562
1073,0.464,sample000870
1074,0.4635,sample001095
1075,0.463,sample001678
1076,0.4625,sample001529
1077,0.462,sample001455
1078,0.4615,sample000429
1079,0.461,sample000070
1080,0.4605,sample000389
1081,0.46,sample001009
1082,0.4595,sample001619
1083,0.459,sample001072
1084,0.4585,sample001530
1085,0.458,sample000957
1086,0.4575,sample001406
1087,0.457,sample000570
1088,0.4565,sample000694
1089,0.456,sample000186
1090,0.4555,sample001606
1091,0.455,sample001592
1092,0.4545,sample000602
1093,0.454,sample001952
1094,0.4535,sample001862
1095,0.453,sample001801
1096,0.4525,sample000412
1097,0.452,sample001863
1098,0.4515,sample000444
1099,0.451,sample001902
1100,0.4505,sample001720
1101,0.45,sample000314
1102,0.4495,sample000636
1103,0.449,sample000102
1104,0.4485,sample001170
1105,0.448,sample000714
1106,0.4475,sample001414
1107,0.447,sample001141
1108,0.4465,sample000397
1109,0.446,sample001838
1110,0.4455,sample001152
1111,0.445,sample000038
1112,0.4445,sample000491
1113,0.444,sample000527
1114,0.4435,sample000593
1115,0.443,sample000488
1116,0.4425,sample001502
1117,0.442,sample001753
1118,0.4415,sample001608
1119,0.441,sample001280
1120,0.4405,sample001544
1121,0.44,sample000372
1122,0.4395,sample000978
1123,0.439,sample001189
1124,0.4385,sample001730
1125,0.438,sample000025
1126,0.4375,sample000669
1127,0.437,sample001064
1128,0.4365,sample001348
1129,0.436,sample000360
1130,0.4355,sample000522
1131,0.435,sample001770
1132,0.4345,sample001288
1133,0.434,sample000707
1134,0.4335,sample001579
1135,0.433,sample000712
1136,0.4325,sample001248
1137,0.432,sample001921
1138,0.4315,sample001813
1139,0.431,sample000889
1140,0.4305,sample000911
1141,0.43,sample000531
1142,0.4295,sample000647
1143,0.429,sample000363
1144,0.4285,sample001805
1145,0.428,sample000853
1146,0.4275,sample001745
1147,0.427,sample000394
1148,0.4265,sample001609
1149,0.426,sample001833
1150,0.4255,sample000796
1151,0.425,sample001771
1152,0.4245,sample000545
1153,0.424,sample001824
1154,0.4235,sample000130
1155,0.423,sample000683
1156,0.4225,sample000639
1157,0.422,sample000880
1158,0.4215,sample001519
1159,0.421,sample001499
1160,0.4205,sample000868
1161,0.42,sample000238
1162,0.4195,sample001070
1163,0.419,sample001433
1164,0.4185,sample000289
1165,0.418,sample000393
1166,0.4175,sample000790
1167,0.417,sample000374
1168,0.4165,sample000049
1169,0.416,sample000930
1170,0.4155,sample001823
1171,0.415,sample001454
1172,0.4145,sample000099
1173,0.414,sample000408
1174,0.4135,sample001215
1175,0.413,sample000249
1176,0.4125,sample001493
1177,0.412,sample001135
1178,0.4115,sample001347
1179,0.411,sample001689
1180,0.4105,sample001524
1181,0.41,sample001054
1182,0.4095,sample000157
1183,0.409,sample000212
1184,0.4085,sample000614
1185,0.408,sample000532
1186,0.4075,sample001978
1187,0.407,sample001933
1188,0.4065,sample001444
1189,0.406,sample001636
1190,0.4055,sample000465
1191,0.405,sample001110
1192,0.4045,sample000193
1193,0.404,sample001802
1194,0.4035,sample000458
1195,0.403,sample001424
1196,0.4025,sample001996
1197,0.402,sample001599
1198,0.4015,sample000411
1199,0.401,sample001061
1200,0.4005,sample000310
1201,0.4,sample000196
1202,0.3995,sample000210
1203,0.399,sample000597
1204,0.3985,sample001201
1205,0.398,sample000272
1206,0.3975,sample000168
1207,0.397,sample001259
1208,0.3965,sample001133
1209,0.396,sample001886
1210,0.3955,sample000046
1211,0.395,sample000403
1212,0.3945,sample000305
1213,0.394,sample000710
1214,0.3935,sample000514
1215,0.393,sample000371
1216,0.3925,sample000216
1217,0.392,sample001766
1218,0.3915,sample001571
1219,0.391,sample001037
1220,0.3905,sample001890
1221,0.39,sample000358
1222,0.3895,sample000299
1223,0.389,sample000881
1224,0.3885,sample001388
1225,0.388,sample001559
1226,0.3875,sample001959
1227,0.387,sample001039
1228,0.3865,sample000097
1229,0.386,sample001600
1230,0.3855,sample000107
1231,0.385,sample001036
1232,0.3845,sample001913
1233,0.384,sample001142
1234,0.3835,sample000525
1235,0.383,sample001400
1236,0.3825,sample001339
1237,0.382,sample001728
1238,0.3815,sample000900
1239,0.381,sample001980
1240,0.3805,sample000569
1241,0.38,sample001405
1242,0.3795,sample001580
1243,0.379,sample000302
1244,0.3785,sample000129
1245,0.378,sample000763
1246,0.3775,sample001540
1247,0.377,sample000753
1248,0.3765,sample001093
1249,0.376,sample000122
1250,0.3755,sample000726
1251,0.375,sample000802
1252,0.3745,sample000476
1253,0.374,sample001776
1254,0.3735,sample000787
1255,0.373,sample001796
1256,0.3725,sample001576
1257,0.372,sample001364
1258,0.3715,sample001673
1259,0.371,sample000192
1260,0.3705,sample001658
1261,0.37,sample000933
1262,0.3695,sample001498
1263,0.369,sample000766
1264,0.3685,sample000256
1265,0.368,sample001979
1266,0.3675,sample000059
1267,0.367,sample000931
1268,0.3665,sample001049
1269,0.366,sample001655
1270,0.3655,sample000774
1271,0.365,sample000959
1272,0.3645,sample001291
1273,0.364,sample000632
1274,0.3635,sample000013
1275,0.363,sample001646
1276,0.3625,sample001326
1277,0.362,sample001073
1278,0.3615,sample001881
1279,0.361,sample001882
1280,0.3605,sample000618
1281,0.36,sample000356
1282,0.3595,sample001320
1283,0.359,sample000804
1284,0.3585,sample001556
1285,0.358,sample001577
1286,0.3575,sample000878
1287,0.357,sample000871
1288,0.3565,sample000536
1289,0.356,sample000316
1290,0.3555,sample000958
1291,0.355,sample000983
1292,0.3545,sample001067
1293,0.354,sample001012
1294,0.3535,sample000434
1295,0.353,sample001944
1296,0.3525,sample001976
1297,0.352,sample000468
1298,0.3515,sample000732
1299,0.351,sample000503
1300,0.3505,sample001708
1301,0.35,sample000565
1302,0.3495,sample000580
1303,0.349,sample001812
1304,0.3485,sample000592
1305,0.348,sample000474
1306,0.3475,sample001754
1307,0.347,sample000166
1308,0.3465,sample000383
1309,0.346,sample000199
1310,0.3455,sample000309
1311,0.345,sample001522
1312,0.3445,sample001105
1313,0.344,sample001173
1314,0.3435,sample001496
1315,0.343,sample001041
1316,0.3425,sample001321
1317,0.342,sample000480
1318,0.3415,sample001583
1319,0.341,sample000544
1320,0.3405,sample000558
1321,0.34,sample001297
1322,0.3395,sample000016
1323,0.339,sample001132
1324,0.3385,sample000849
1325,0.338,sample001935
1326,0.3375,sample001138
1327,0.337,sample000221
1328,0.3365,sample000375
1329,0.336,sample000769
1330,0.3355,sample000113
1331,0.335,sample001828
1332,0.3345,sample000441
1333,0.334,sample001509
1334,0.3335,sample001087
1335,0.333,sample001160
1336,0.3325,sample000209
1337,0.332,sample001144
1338,0.3315,sample000987
1339,0.331,sample001685
1340,0.3305,sample000775
1341,0.33,sample001620
1342,0.3295,sample001790
1343,0.329,sample000119
1344,0.3285,sample001663
1345,0.328,sample001051
1346,0.3275,sample001101
1347,0.327,sample001895
1348,0.3265,sample000825
1349,0.326,sample000583
1350,0.3255,sample000387
1351,0.325,sample000077
1352,0.3245,sample001840
1353,0.324,sample000290
1354,0.3235,sample000599
1355,0.323,sample000499
1356,0.3225,sample000244
1357,0.322,sample001157
1358,0.3215,sample000578
1359,0.321,sample000225
1360,0.3205,sample001903
1361,0.32,sample001089
1362,0.3195,sample000813
1363,0.319,sample000551
1364,0.3185,sample000404
1365,0.318,sample001945
1366,0.3175,sample001004
1367,0.317,sample001214
1368,0.3165,sample000040
1369,0.316,sample001816
1370,0.3155,sample001744
1371,0.315,sample001938
1372,0.3145,sample001394
1373,0.314,sample001510
1374,0.3135,sample000462
1375,0.313,sample001475
1376,0.3125,sample000207
1377,0.312,sample001264
1378,0.3115,sample000847
1379,0.311,sample000671
1380,0.3105,sample000378
1381,0.31,sample000855
1382,0.3095,sample001123
1383,0.309,sample000483
1384,0.3085,sample001542
1385,0.308,sample000770
1386,0.3075,sample000277
1387,0.307,sample001042
1388,0.3065,sample000915
1389,0.306,sample001238
1390,0.3055,sample001488
1391,0.305,sample000924
1392,0.3045,sample001894
1393,0.304,sample000824
1394,0.3035,sample000296
1395,0.303,sample000608
1396,0.3025,sample001425
1397,0.302,sample001906
1398,0.3015,sample001249
1399,0.301,sample001641
1400,0.3005,sample001265
1401,0.3,sample001517
1402,0.2995,sample000973
1403,0.299,sample000339
1404,0.2985,sample000232
1405,0.298,sample001954
1406,0.2975,sample000901
1407,0.297,sample000092
1408,0.2965,sample001397
1409,0.296,sample001615
1410,0.2955,sample000287
1411,0.295,sample000730
1412,0.2945,sample001078
1413,0.294,sample000123
1414,0.2935,sample000866
1415,0.293,sample001022
1416,0.2925,sample000315
1417,0.292,sample000348
1418,0.2915,sample000331
1419,0.291,sample000280
1420,0.2905,sample000535
1421,0.29,sample001719
1422,0.2895,sample001981
1423,0.289,sample001279
1424,0.2885,sample001864
1425,0.288,sample000554
1426,0.2875,sample000482
1427,0.287,sample000823
1428,0.2865,sample001059
1429,0.286,sample001159
1430,0.2855,sample001627
1431,0.285,sample001487
1432,0.2845,sample000075
1433,0.284,sample001403
1434,0.2835,sample000653
1435,0.283,sample001256
1436,0.2825,sample000467
1437,0.282,sample001368
1438,0.2815,sample001884
1439,0.281,sample000085
1440,0.2805,sample001692
1441,0.28,sample001121
1442,0.2795,sample000007
1443,0.279,sample000721
1444,0.2785,sample000080
1445,0.278,sample000081
1446,0.2775,sample001865
1447,0.277,sample000690
1448,0.2765,sample001688
1449,0.276,sample000520
1450,0.2755,sample001643
1451,0.275,sample000760
1452,0.2745,sample000876
1453,0.274,sample001752
1454,0.2735,sample001804
1455,0.273,sample000564
1456,0.2725,sample000926
1457,0.272,sample001563
1458,0.2715,sample001468
1459,0.271,sample000663
1460,0.2705,sample000380
1461,0.27,sample000673
1462,0.2695,sample001167
1463,0.269,sample001513
1464,0.2685,sample001156
1465,0.268,sample001310
1466,0.2675,sample000009
1467,0.267,sample001091
1468,0.2665,sample000326
1469,0.266,sample001210
1470,0.2655,sample000741
1471,0.265,sample001950
1472,0.2645,sample001747
1473,0.264,sample000875
1474,0.2635,sample000629
1475,0.263,sample001911
1476,0.2625,sample001421
1477,0.262,sample000521
1478,0.2615,sample001539
1479,0.261,sample001273
1480,0.2605,sample000306
1481,0.26,sample000863
1482,0.2595,sample001792
1483,0.259,sample000682
1484,0.2585,sample000010
1485,0.258,sample000418
1486,0.2575,sample000783
1487,0.257,sample000471
1488,0.2565,sample001328
1489,0.256,sample001199
1490,0.2555,sample001324
1491,0.255,sample001222
1492,0.2545,sample000436
1493,0.254,sample001104
1494,0.2535,sample001315
1495,0.253,sample000406
1496,0.2525,sample000874
1497,0.252,sample001191
1498,0.2515,sample001702
1499,0.251,sample001374
1500,0.2505,sample000920
1501,0.25,sample001817
1502,0.2495,sample001381
1503,0.249,sample000582
1504,0.2485,sample001986
1505,0.248,sample001684
1506,0.2475,sample000589
1507,0.247,sample000361
1508,0.2465,sample001751
1509,0.246,sample000788
1510,0.2455,sample000567
1511,0.245,sample001427
1512,0.2445,sample001241
1513,0.244,sample000211
1514,0.2435,sample001645
1515,0.243,sample000024
1516,0.2425,sample001206
1517,0.242,sample001762
1518,0.2415,sample000100
1519,0.241,sample000159
1520,0.2405,sample001859
1521,0.24,sample000344
1522,0.2395,sample001546
1523,0.239,sample000257
1524,0.2385,sample001005
1525,0.238,sample001450
1526,0.2375,sample000321
1527,0.237,sample000224
1528,0.2365,sample001851
1529,0.236,sample000128
1530,0.2355,sample001797
1531,0.235,sample000864
1532,0.2345,sample001757
1533,0.234,sample001586
1534,0.2335,sample001247
1535,0.233,sample002000
1536,0.2325,sample001550
1537,0.232,sample001775
1538,0.2315,sample001355
1539,0.231,sample001002
1540,0.2305,sample001174
1541,0.23,sample000031
1542,0.2295,sample001485
1543,0.229,sample001492
1544,0.2285,sample000542
1545,0.228,sample000262
1546,0.2275,sample001267
1547,0.227,sample000382
1548,0.2265,sample001618
1549,0.226,sample001357
1550,0.2255,sample000222
1551,0.225,sample000084
1552,0.2245,sample001473
1553,0.224,sample000456
1554,0.2235,sample000132
1555,0.223,sample001399
1556,0.2225,sample001180
1557,0.222,sample001462
1558,0.2215,sample001569
1559,0.221,sample000104
1560,0.2205,sample000508
1561,0.22,sample000698
1562,0.2195,sample001161
1563,0.219,sample001063
1564,0.2185,sample000688
1565,0.218,sample001129
1566,0.2175,sample000865
1567,0.217,sample001926
1568,0.2165,sample000549
1569,0.216,sample001839
1570,0.2155,sample000862
1571,0.215,sample000573
1572,0.2145,sample001010
1573,0.214,sample001232
1574,0.2135,sample001000
1575,0.213,sample000367
1576,0.2125,sample001461
1577,0.212,sample000127
1578,0.2115,sample000014
1579,0.211,sample000947
1580,0.2105,sample001916
1581,0.21,sample001387
1582,0.2095,sample001844
1583,0.209,sample001186
1584,0.2085,sample000731
1585,0.208,sample001379
1586,0.2075,sample001367
1587,0.207,sample000884
1588,0.2065,sample000539
1589,0.206,sample000260
1590,0.2055,sample000945
1591,0.205,sample001515
1592,0.2045,sample000160
1593,0.204,sample000585
1594,0.2035,sample001856
1595,0.203,sample000842
1596,0.2025,sample001109
1597,0.202,sample000413
1598,0.2015,sample000101
1599,0.201,sample000163
1600,0.2005,sample001494
1601,0.2,sample000294
1602,0.1995,sample000265
1603,0.199,sample001596
1604,0.1985,sample000392
1605,0.198,sample000347
1606,0.1975,sample000061
1607,0.197,sample001848
1608,0.1965,sample001521
1609,0.196,sample000423
1610,0.1955,sample001960
1611,0.195,sample000934
1612,0.1945,sample000042
1613,0.194,sample001912
1614,0.1935,sample000501
1615,0.193,sample001690
1616,0.1925,sample001299
1617,0.192,sample001803
1618,0.1915,sample000183
1619,0.191,sample000765
1620,0.1905,sample000135
1621,0.19,sample000019
1622,0.1895,sample000998
1623,0.189,sample000812
1624,0.1885,sample000028
1625,0.188,sample000906
1626,0.1875,sample001632
1627,0.187,sample000670
1628,0.1865,sample000442
1629,0.186,sample001991
1630,0.1855,sample001878
1631,0.185,sample001305
1632,0.1845,sample001200
1633,0.184,sample000912
1634,0.1835,sample001235
1635,0.183,sample001118
1636,0.1825,sample000379
1637,0.182,sample001526
1638,0.1815,sample000045
1639,0.181,sample001117
1640,0.1805,sample000226
1641,0.18,sample000735
1642,0.1795,sample001676
1643,0.179,sample000576
1644,0.1785,sample000454
1645,0.178,sample001055
1646,0.1775,sample001969
1647,0.177,sample000794
1648,0.1765,sample000032
1649,0.176,sample000946
1650,0.1755,sample001549
1651,0.175,sample000182
1652,0.1745,sample001584
1653,0.174,sample000506
1654,0.1735,sample000904
1655,0.173,sample000857
1656,0.1725,sample000074
1657,0.172,sample001748
1658,0.1715,sample001358
1659,0.171,sample001134
1660,0.1705,sample000661
1661,0.17,sample001907
1662,0.1695,sample001901
1663,0.169,sample001525
1664,0.1685,sample000758
1665,0.168,sample000689
1666,0.1675,sample001025
1667,0.167,sample000705
1668,0.1665,sample001892
1669,0.166,sample001668
1670,0.1655,sample001053
1671,0.165,sample000869
1672,0.1645,sample001137
1673,0.164,sample000181
1674,0.1635,sample000809
1675,0.163,sample000778
1676,0.1625,sample000191
1677,0.162,sample000151
1678,0.1615,sample000613
1679,0.161,sample001341
1680,0.1605,sample001229
1681,0.16,sample000899
1682,0.1595,sample000235
1683,0.159,sample001343
1684,0.1585,sample000464
1685,0.158,sample001486
1686,0.1575,sample001322
1687,0.157,sample000298
1688,0.1565,sample001717
1689,0.156,sample000836
1690,0.1555,sample001181
1691,0.155,sample000323
1692,0.1545,sample000594
1693,0.154,sample001520
1694,0.1535,sample000312
1695,0.153,sample000308
1696,0.1525,sample000560
1697,0.152,sample001633
1698,0.1515,sample000553
1699,0.151,sample001459
1700,0.1505,sample000300
1701,0.15,sample000908
1702,0.1495,sample000136
1703,0.149,sample000917
1704,0.1485,sample001800
1705,0.148,sample000603
1706,0.1475,sample001534
1707,0.147,sample001331
1708,0.1465,sample001298
1709,0.146,sample000963
1710,0.1455,sample001423
1711,0.145,sample000053
1712,0.1445,sample001130
1713,0.144,sample000276
1714,0.1435,sample000115
1715,0.143,sample000096
1716,0.1425,sample000623
1717,0.142,sample001443
1718,0.1415,sample000953
1719,0.141,sample001875
1720,0.1405,sample001614
1721,0.14,sample001591
1722,0.1395,sample001973
1723,0.139,sample000400
1724,0.1385,sample001621
1725,0.138,sample001363
1726,0.1375,sample001171
1727,0.137,sample000200
1728,0.1365,sample000584
1729,0.136,sample001701
1730,0.1355,sample001872
1731,0.135,sample000960
1732,0.1345,sample001097
1733,0.134,sample000737
1734,0.1335,sample000819
1735,0.133,sample001077
1736,0.1325,sample000835
1737,0.132,sample001832
1738,0.1315,sample001477
1739,0.131,sample000170
1740,0.1305,sample000179
1741,0.13,sample000605
1742,0.1295,sample001289
1743,0.129,sample001972
1744,0.1285,sample001441
1745,0.128,sample000745
1746,0.1275,sample000336
1747,0.127,sample000269
1748,0.1265,sample001216
1749,0.126,sample000241
1750,0.1255,sample001439
1751,0.125,sample000228
1752,0.1245,sample000743
1753,0.124,sample001079
1754,0.1235,sample000043
1755,0.123,sample001253
1756,0.1225,sample001575
1757,0.122,sample001034
1758,0.1215,sample001361
1759,0.121,sample000571
1760,0.1205,sample000588
1761,0.12,sample000893
1762,0.1195,sample000841
1763,0.119,sample000820
1764,0.1185,sample001219
1765,0.118,sample000033
1766,0.1175,sample001187
1767,0.117,sample000461
1768,0.1165,sample001893
1769,0.116,sample000478
1770,0.1155,sample000524
1771,0.115,sample001758
1772,0.1145,sample001262
1773,0.114,sample001001
1774,0.1135,sample001345
1775,0.113,sample001495
1776,0.1125,sample000106
1777,0.112,sample000154
1778,0.1115,sample001677
1779,0.111,sample000806
1780,0.1105,sample000656
1781,0.11,sample001464
1782,0.1095,sample001490
1783,0.109,sample001023
1784,0.1085,sample000449
1785,0.108,sample001968
1786,0.1075,sample000622
1787,0.107,sample000752
1788,0.1065,sample001371
1789,0.106,sample001795
1790,0.1055,sample001085
1791,0.105,sample000234
1792,0.1045,sample000398
1793,0.104,sample000897
1794,0.1035,sample000370
1795,0.103,sample000271
1796,0.1025,sample001183
1797,0.102,sample000808
1798,0.1015,sample001395
1799,0.101,sample000425
1800,0.1005,sample001729
1801,0.1,sample000051
1802,0.0995,sample000015
1803,0.099,sample001682
1804,0.0985,sample000355
1805,0.098,sample000961
1806,0.0975,sample001710
1807,0.097,sample001375
1808,0.0965,sample000890
1809,0.096,sample000807
1810,0.0955,sample000703
1811,0.095,sample000637
1812,0.0945,sample000142
1813,0.094,sample001786
1814,0.0935,sample001196
1815,0.093,sample001999
1816,0.0925,sample001687
1817,0.092,sample001852
1818,0.0915,sample000686
1819,0.091,sample000424
1820,0.0905,sample000279
1821,0.09,sample001154
1822,0.0895,sample000012
1823,0.089,sample001679
1824,0.0885,sample001648
1825,0.088,sample000784
1826,0.0875,sample000839
1827,0.087,sample001428
1828,0.0865,sample000984
1829,0.086,sample000738
1830,0.0855,sample001897
1831,0.085,sample000414
1832,0.0845,sample001731
1833,0.084,sample000489
1834,0.0835,sample001484
1835,0.083,sample001419
1836,0.0825,sample000150
1837,0.082,sample001585
1838,0.0815,sample000427
1839,0.081,sample000020
1840,0.0805,sample000903
1841,0.08,sample000362
1842,0.0795,sample001955
1843,0.079,sample001316
1844,0.0785,sample001602
1845,0.078,sample000872
1846,0.0775,sample000510
1847,0.077,sample001759
1848,0.0765,sample001642
1849,0.076,sample001613
1850,0.0755,sample001019
1851,0.075,sample000350
1852,0.0745,sample001657
1853,0.074,sample000645
1854,0.0735,sample001937
1855,0.073,sample000515
1856,0.0725,sample000883
1857,0.072,sample000777
1858,0.0715,sample000242
1859,0.071,sample000818
1860,0.0705,sample001700
1861,0.07,sample000433
1862,0.0695,sample001914
1863,0.069,sample000756
1864,0.0685,sample000910
1865,0.068,sample000161
1866,0.0675,sample001565
1867,0.067,sample001098
1868,0.0665,sample001330
1869,0.066,sample000463
1870,0.0655,sample000286
1871,0.065,sample000172
1872,0.0645,sample000916
1873,0.064,sample000810
1874,0.0635,sample001588
1875,0.063,sample000035
1876,0.0625,sample001671
1877,0.062,sample000288
1878,0.0615,sample000985
1879,0.061,sample001178
1880,0.0605,sample001774
1881,0.06,sample001006
1882,0.0595,sample000905
1883,0.059,sample001383
1884,0.0585,sample000185
1885,0.058,sample000334
1886,0.0575,sample001088
1887,0.057,sample000337
1888,0.0565,sample001721
1889,0.056,sample000297
1890,0.0555,sample000651
1891,0.055,sample000574
1892,0.0545,sample001296
1893,0.054,sample000791
1894,0.0535,sample001378
1895,0.053,sample001604
1896,0.0525,sample001286
1897,0.052,sample001228
1898,0.0515,sample000992
1899,0.051,sample001985
1900,0.0505,sample001472
1901,0.05,sample000757
1902,0.0495,sample000845
1903,0.049,sample000902
1904,0.0485,sample001114
1905,0.048,sample000029
1906,0.0475,sample000368
1907,0.047,sample001734
1908,0.0465,sample001664
1909,0.046,sample000189
1910,0.0455,sample000595
1911,0.045,sample000254
1912,0.0445,sample000263
1913,0.044,sample000004
1914,0.0435,sample000575
1915,0.043,sample000980
1916,0.0425,sample001567
1917,0.042,sample001271
1918,0.0415,sample000925
1919,0.041,sample001163
1920,0.0405,sample001962
1921,0.04,sample000821
1922,0.0395,sample000734
1923,0.039,sample000815
1924,0.0385,sample000203
1925,0.038,sample001075
1926,0.0375,sample000979
1927,0.037,sample001741
1928,0.0365,sample001382
1929,0.036,sample001148
1930,0.0355,sample000914
1931,0.035,sample001021
1932,0.0345,sample001853
1933,0.034,sample000792
1934,0.0335,sample000065
1935,0.033,sample001365
1936,0.0325,sample000687
1937,0.032,sample001837
1938,0.0315,sample000860
1939,0.031,sample000848
1940,0.0305,sample001867
1941,0.03,sample000679
1942,0.0295,sample001825
1943,0.029,sample000829
1944,0.0285,sample001874
1945,0.028,sample000026
1946,0.0275,sample000781
1947,0.027,sample001739
1948,0.0265,sample001412
1949,0.026,sample001017
1950,0.0255,sample000837
1951,0.025,sample001918
1952,0.0245,sample001536
1953,0.024,sample001245
1954,0.0235,sample000922
1955,0.023,sample000942
1956,0.0225,sample001040
1957,0.022,sample000943
1958,0.0215,sample000684
1959,0.021,sample001491
1960,0.0205,sample001749
1961,0.02,sample000353
1962,0.0195,sample001597
1963,0.019,sample000056
1964,0.0185,sample001781
1965,0.018,sample001069
1966,0.0175,sample000466
1967,0.017,sample001018
1968,0.0165,sample001401
1969,0.016,sample000579
1970,0.0155,sample000747
1971,0.015,sample001782
1972,0.0145,sample001929
1973,0.014,sample000970
1974,0.0135,sample000475
1975,0.013,sample000652
1976,0.0125,sample001809
1977,0.012,sample000432
1978,0.0115,sample001106
1979,0.011,sample000728
1980,0.0105,sample000439
1981,0.01,sample001202
1982,0.0095,sample000195
1983,0.009,sample000695
1984,0.0085,sample001332
1985,0.008,sample001120
1986,0.0075,sample001503
1987,0.007,sample000540
1988,0.0065,sample001713
1989,0.006,sample000140
1990,0.0055,sample001695
1991,0.005,sample000066
1992,0.0045,sample001050
1993,0.004,sample001056
1994,0.0035,sample001107
1995,0.003,sample001919
1996,0.0025,sample001925
1997,0.002,sample001225
1998,0.0015,sample001617
1999,0.001,sample001993
2000,0.0005,sample001281
